{"stats":{"minecraft:killed_by":{"born_in_chaos_v1:fallen_chaos_knight":1},"minecraft:picked_up":{"minecraft:stick":4,"minecraft:oak_log":28,"born_in_chaos_v1:pieceofdarkmetal":3,"minecraft:rotten_flesh":2,"minecraft:apple":1,"minecraft:iron_ingot":5,"minecraft:oak_sapling":15,"minecraft:birch_sapling":1,"minecraft:coal":43,"minecraft:cobblestone":109},"minecraft:mined":{"minecraft:birch_leaves":1,"treechop:chopped_log":8,"minecraft:oak_log":1,"minecraft:coal_ore":43,"minecraft:stone":109,"minecraft:oak_leaves":1},"minecraft:used":{"minecraft:stone_pickaxe":126,"minecraft:birch_sapling":1,"minecraft:wooden_pickaxe":26,"minecraft:stone_axe":28,"minecraft:cobblestone":4,"minecraft:crafting_table":1,"minecraft:oak_sapling":1,"tombstone:gift":1},"minecraft:dropped":{"minecraft:rotten_flesh":2,"minecraft:wooden_pickaxe":1},"minecraft:custom":{"minecraft:time_since_rest":18432,"minecraft:sprint_one_cm":12544,"minecraft:damage_taken":295,"minecraft:walk_one_cm":29200,"minecraft:drop":3,"minecraft:damage_dealt":3,"minecraft:interact_with_crafting_table":2,"minecraft:fly_one_cm":12636,"minecraft:crouch_one_cm":627,"minecraft:play_time":30586,"minecraft:deaths":1,"minecraft:sneak_time":445,"minecraft:jump":117,"minecraft:leave_game":1,"minecraft:time_since_death":19212,"minecraft:total_world_time":30586,"minecraft:fall_one_cm":3044},"minecraft:crafted":{"minecraft:oak_planks":20,"minecraft:crafting_table":1,"minecraft:stick":8,"minecraft:wooden_pickaxe":1,"minecraft:stone_pickaxe":1,"minecraft:torch":4,"minecraft:stone_axe":1}},"DataVersion":3120}