{"stats":{"minecraft:killed_by":{"born_in_chaos_v1:fallen_chaos_knight":1},"minecraft:picked_up":{"minecraft:stick":4,"minecraft:rotten_flesh":2,"minecraft:apple":1,"minecraft:oak_log":28,"born_in_chaos_v1:pieceofdarkmetal":3,"minecraft:oak_sapling":15,"minecraft:coal":16,"minecraft:birch_sapling":1,"minecraft:cobblestone":61},"minecraft:mined":{"minecraft:coal_ore":16,"minecraft:oak_log":1,"minecraft:stone":61,"minecraft:birch_leaves":1,"treechop:chopped_log":8,"minecraft:oak_leaves":1},"minecraft:used":{"minecraft:stone_axe":28,"minecraft:crafting_table":1,"minecraft:oak_sapling":1,"minecraft:stone_pickaxe":51,"minecraft:birch_sapling":1,"tombstone:gift":1,"minecraft:wooden_pickaxe":26},"minecraft:dropped":{"minecraft:rotten_flesh":2,"minecraft:wooden_pickaxe":1},"minecraft:custom":{"minecraft:time_since_rest":6432,"minecraft:crouch_one_cm":334,"minecraft:play_time":18586,"minecraft:sprint_one_cm":10039,"minecraft:walk_one_cm":16074,"minecraft:damage_taken":225,"minecraft:deaths":1,"minecraft:sneak_time":206,"minecraft:drop":3,"minecraft:jump":80,"minecraft:damage_dealt":3,"minecraft:leave_game":1,"minecraft:time_since_death":7212,"minecraft:total_world_time":18586,"minecraft:interact_with_crafting_table":2,"minecraft:fall_one_cm":1790,"minecraft:fly_one_cm":7777},"minecraft:crafted":{"minecraft:oak_planks":20,"minecraft:stone_axe":1,"minecraft:crafting_table":1,"minecraft:stick":8,"minecraft:wooden_pickaxe":1,"minecraft:stone_pickaxe":1}},"DataVersion":3120}