{"stats":{"minecraft:used":{"minecraft:dirt":5},"minecraft:custom":{"minecraft:jump":45,"minecraft:time_since_rest":2058,"minecraft:damage_dealt":30,"minecraft:leave_game":1,"minecraft:sprint_one_cm":4682,"minecraft:play_time":2058,"minecraft:time_since_death":2058,"minecraft:walk_one_cm":4320,"minecraft:total_world_time":2058,"minecraft:fall_one_cm":418,"minecraft:fly_one_cm":8494},"minecraft:mined":{"minecraft:grass":2,"minecraft:grass_block":5},"minecraft:picked_up":{"minecraft:dirt":5}},"DataVersion":3120}