{"stats":{"minecraft:killed_by":{"born_in_chaos_v1:fallen_chaos_knight":3,"minecraft:zombie":2},"minecraft:picked_up":{"born_in_chaos_v1:corpse_maggot":4,"minecraft:raw_iron":12,"minecraft:crafting_table":3,"minecraft:torch":5,"minecraft:oak_log":6,"minecraft:dirt":2,"minecraft:bone":2,"minecraft:rotten_flesh":6,"minecraft:emerald":1,"minecraft:oak_sapling":3,"minecraft:coal":47,"minecraft:cobblestone":45,"minecraft:furnace":2},"minecraft:mined":{"minecraft:furnace":2,"minecraft:iron_ore":12,"treechop:chopped_log":1,"minecraft:torch":1,"minecraft:crafting_table":3,"minecraft:grass":2,"minecraft:emerald_ore":1,"minecraft:coal_ore":28,"minecraft:dirt":2,"minecraft:cobblestone":5,"minecraft:stone":40,"minecraft:wall_torch":4},"minecraft:killed":{"born_in_chaos_v1:fallen_chaos_knight":2,"minecraft:zombie":8,"born_in_chaos_v1:corpse_fly":2,"born_in_chaos_v1:maggot":6},"minecraft:used":{"born_in_chaos_v1:corpse_maggot":4,"minecraft:stone_pickaxe":67,"minecraft:iron_pickaxe":20,"minecraft:wooden_pickaxe":3,"minecraft:rotten_flesh":4,"minecraft:stone_axe":10,"minecraft:torch":7,"minecraft:dirt":2,"minecraft:cobblestone":3,"minecraft:crafting_table":2,"minecraft:furnace":2,"tombstone:gift":4},"minecraft:dropped":{"minecraft:iron_ingot":5,"minecraft:rotten_flesh":3},"minecraft:custom":{"minecraft:time_since_rest":20664,"minecraft:interact_with_furnace":9,"minecraft:sprint_one_cm":27212,"minecraft:damage_taken":1585,"minecraft:walk_one_cm":105371,"minecraft:mob_kills":9,"minecraft:drop":2,"minecraft:damage_dealt":1509,"minecraft:interact_with_crafting_table":8,"minecraft:fly_one_cm":43106,"minecraft:crouch_one_cm":470,"minecraft:play_time":30248,"tombstone:undead_killed":5,"minecraft:deaths":5,"minecraft:sneak_time":197,"minecraft:jump":539,"minecraft:leave_game":2,"minecraft:time_since_death":20880,"minecraft:total_world_time":30248,"minecraft:fall_one_cm":6579},"minecraft:crafted":{"minecraft:oak_planks":24,"minecraft:shield":1,"minecraft:crafting_table":1,"minecraft:stick":12,"minecraft:iron_pickaxe":1,"minecraft:iron_ingot":12,"minecraft:wooden_pickaxe":1,"minecraft:stone_pickaxe":1,"minecraft:furnace":2,"minecraft:bucket":1,"minecraft:torch":16,"minecraft:stone_axe":1,"minecraft:air":0}},"DataVersion":3120}