{"stats":{"minecraft:killed_by":{"born_in_chaos_v1:fallen_chaos_knight":3,"minecraft:zombie":2},"minecraft:picked_up":{"minecraft:raw_iron":12,"minecraft:crafting_table":1,"minecraft:oak_log":6,"minecraft:dirt":2,"minecraft:bone":2,"minecraft:rotten_flesh":4,"minecraft:oak_sapling":3,"minecraft:coal":23,"minecraft:cobblestone":34},"minecraft:mined":{"minecraft:iron_ore":12,"treechop:chopped_log":1,"minecraft:crafting_table":1,"minecraft:grass":2,"minecraft:coal_ore":23,"minecraft:dirt":2,"minecraft:stone":35},"minecraft:killed":{"born_in_chaos_v1:fallen_chaos_knight":2,"minecraft:zombie":6},"minecraft:used":{"minecraft:stone_pickaxe":67,"minecraft:wooden_pickaxe":3,"minecraft:rotten_flesh":2,"minecraft:stone_axe":1,"minecraft:dirt":2,"minecraft:crafting_table":2,"minecraft:furnace":2,"tombstone:gift":4},"minecraft:dropped":{"minecraft:rotten_flesh":3},"minecraft:custom":{"minecraft:time_since_rest":8664,"minecraft:interact_with_furnace":9,"minecraft:sprint_one_cm":25255,"minecraft:damage_taken":1410,"minecraft:walk_one_cm":70574,"minecraft:mob_kills":4,"minecraft:drop":1,"minecraft:damage_dealt":1019,"minecraft:interact_with_crafting_table":7,"minecraft:fly_one_cm":42209,"minecraft:crouch_one_cm":470,"minecraft:play_time":18248,"tombstone:undead_killed":4,"minecraft:deaths":5,"minecraft:sneak_time":197,"minecraft:jump":447,"minecraft:leave_game":2,"minecraft:time_since_death":8880,"minecraft:total_world_time":18248,"minecraft:fall_one_cm":5826},"minecraft:crafted":{"minecraft:oak_planks":24,"minecraft:shield":1,"minecraft:crafting_table":1,"minecraft:stick":8,"minecraft:iron_ingot":12,"minecraft:wooden_pickaxe":1,"minecraft:stone_pickaxe":1,"minecraft:furnace":2,"minecraft:bucket":1,"minecraft:stone_axe":1,"minecraft:air":0}},"DataVersion":3120}