{"stats":{"minecraft:killed_by":{"minecraft:zombie":1},"minecraft:picked_up":{"minecraft:rotten_flesh":2},"minecraft:mined":{"minecraft:grass":2},"minecraft:killed":{"minecraft:zombie":6},"minecraft:used":{"minecraft:rotten_flesh":1,"tombstone:gift":2},"minecraft:custom":{"minecraft:jump":135,"tombstone:undead_killed":3,"minecraft:time_since_rest":2283,"minecraft:damage_dealt":596,"minecraft:crouch_one_cm":192,"minecraft:deaths":1,"minecraft:leave_game":2,"minecraft:play_time":6248,"minecraft:sprint_one_cm":7788,"minecraft:damage_taken":315,"minecraft:time_since_death":3599,"minecraft:walk_one_cm":19952,"minecraft:sneak_time":11,"minecraft:total_world_time":6248,"minecraft:mob_kills":3,"minecraft:fall_one_cm":2664,"minecraft:fly_one_cm":19808}},"DataVersion":3120}