{"stats":{"minecraft:killed_by":{"minecraft:zombie":2,"born_in_chaos_v1:fallen_chaos_knight":3},"minecraft:picked_up":{"born_in_chaos_v1:corpse_maggot":14,"minecraft:crafting_table":3,"minecraft:feather":2,"minecraft:chicken":1,"minecraft:oak_log":21,"minecraft:gunpowder":1,"minecraft:dirt":2,"minecraft:bone":2,"minecraft:apple":1,"minecraft:furnace":4,"minecraft:stick":11,"minecraft:raw_iron":18,"minecraft:torch":7,"minecraft:porkchop":4,"minecraft:rotten_flesh":9,"minecraft:emerald":1,"minecraft:oak_sapling":17,"minecraft:mutton":6,"minecraft:coal":103,"minecraft:white_wool":3,"minecraft:cobblestone":71},"minecraft:mined":{"minecraft:crafting_table":3,"minecraft:torch":3,"minecraft:emerald_ore":1,"minecraft:cobblestone":18,"minecraft:wall_torch":4,"minecraft:furnace":4,"minecraft:iron_ore":18,"treechop:chopped_log":2,"minecraft:grass":2,"minecraft:coal_ore":50,"minecraft:dirt":2,"minecraft:stone":49},"minecraft:killed":{"born_in_chaos_v1:fallen_chaos_knight":2,"minecraft:pig":4,"minecraft:creeper":2,"born_in_chaos_v1:maggot":8,"minecraft:sheep":6,"minecraft:zombie":8,"minecraft:chicken":2,"born_in_chaos_v1:corpse_fly":12},"minecraft:used":{"minecraft:cooked_mutton":1,"minecraft:water_bucket":1,"minecraft:stone_pickaxe":67,"minecraft:shield":1,"minecraft:wooden_pickaxe":3,"minecraft:cooked_chicken":1,"minecraft:rotten_flesh":4,"minecraft:torch":14,"minecraft:dirt":2,"minecraft:crafting_table":2,"born_in_chaos_v1:corpse_maggot":4,"minecraft:iron_pickaxe":72,"minecraft:stone_axe":42,"minecraft:cobblestone":19,"minecraft:oak_sapling":17,"minecraft:furnace":4,"minecraft:bucket":2,"tombstone:gift":4},"minecraft:dropped":{"minecraft:iron_ingot":5,"minecraft:rotten_flesh":3},"minecraft:custom":{"minecraft:interact_with_furnace":19,"minecraft:mob_kills":23,"minecraft:interact_with_crafting_table":8,"minecraft:leave_game":3,"minecraft:time_since_death":32564,"minecraft:time_since_rest":32348,"minecraft:sprint_one_cm":40601,"minecraft:damage_taken":1585,"minecraft:walk_one_cm":148328,"minecraft:damage_blocked_by_shield":15,"minecraft:drop":2,"minecraft:damage_dealt":2856,"minecraft:fly_one_cm":53154,"minecraft:crouch_one_cm":668,"minecraft:play_time":41932,"tombstone:undead_killed":5,"minecraft:deaths":5,"minecraft:sneak_time":399,"minecraft:walk_under_water_one_cm":236,"minecraft:jump":728,"minecraft:walk_on_water_one_cm":4370,"minecraft:total_world_time":41932,"minecraft:fall_one_cm":7891},"minecraft:crafted":{"minecraft:oak_planks":24,"minecraft:cooked_porkchop":4,"minecraft:crafting_table":1,"minecraft:wooden_pickaxe":1,"minecraft:cooked_chicken":1,"minecraft:furnace":2,"minecraft:bucket":1,"minecraft:stone_axe":1,"minecraft:cooked_mutton":6,"minecraft:air":0,"minecraft:shield":1,"minecraft:stick":12,"minecraft:iron_ingot":12,"minecraft:iron_pickaxe":1,"minecraft:stone_pickaxe":1,"minecraft:torch":16}},"DataVersion":3120}