{"stats":{"minecraft:killed_by":{"born_in_chaos_v1:corpse_fly":1},"minecraft:picked_up":{"minecraft:birch_log":13,"minecraft:crafting_table":3,"minecraft:leather":6,"minecraft:amethyst_block":5,"minecraft:lapis_lazuli":4,"minecraft:dirt":3,"minecraft:string":14,"minecraft:bone":1,"minecraft:beef":12,"minecraft:calcite":4,"minecraft:birch_sapling":8,"minecraft:furnace":1,"minecraft:stick":2,"minecraft:raw_iron":36,"minecraft:smooth_basalt":1,"minecraft:torch":3,"born_in_chaos_v1:ethereal_spirit":2,"minecraft:amethyst_shard":12,"minecraft:pointed_dripstone":2,"tombstone:grave_dust":2,"minecraft:diorite":1,"minecraft:arrow":1,"minecraft:gray_wool":2,"minecraft:mutton":12,"minecraft:coal":5,"minecraft:white_wool":5,"minecraft:cobblestone":71},"minecraft:mined":{"minecraft:amethyst_cluster":3,"minecraft:crafting_table":3,"minecraft:budding_amethyst":1,"minecraft:grass_block":1,"minecraft:calcite":4,"minecraft:lapis_ore":1,"minecraft:diorite":1,"minecraft:wall_torch":3,"minecraft:amethyst_block":5,"minecraft:furnace":1,"minecraft:iron_ore":36,"treechop:chopped_log":2,"minecraft:grass":1,"minecraft:pointed_dripstone":1,"minecraft:coal_ore":4,"minecraft:dirt":2,"minecraft:cobweb":14,"minecraft:smooth_basalt":1,"minecraft:stone":75},"minecraft:killed":{"born_in_chaos_v1:restless_spirit":2,"minecraft:sheep":14,"minecraft:skeleton":2,"minecraft:zombie":2,"minecraft:cow":8},"minecraft:used":{"minecraft:stone_sword":25,"minecraft:stone_pickaxe":92,"minecraft:wooden_pickaxe":48,"minecraft:shield":1,"minecraft:torch":7,"minecraft:dirt":3,"minecraft:crafting_table":3,"minecraft:stone_axe":21,"minecraft:birch_button":1,"minecraft:cobblestone":37,"minecraft:furnace":1,"tombstone:gift":2,"minecraft:cooked_beef":3},"minecraft:custom":{"minecraft:interact_with_furnace":7,"minecraft:mob_kills":14,"minecraft:interact_with_crafting_table":7,"minecraft:leave_game":3,"minecraft:time_since_death":21830,"minecraft:time_since_rest":20910,"minecraft:sprint_one_cm":52076,"minecraft:damage_taken":500,"minecraft:walk_one_cm":48506,"minecraft:damage_blocked_by_shield":40,"minecraft:damage_dealt":1420,"minecraft:fly_one_cm":58077,"minecraft:crouch_one_cm":6270,"minecraft:play_time":25896,"tombstone:undead_killed":2,"minecraft:deaths":1,"minecraft:sneak_time":1805,"minecraft:walk_under_water_one_cm":182,"minecraft:jump":356,"minecraft:walk_on_water_one_cm":1144,"minecraft:total_world_time":25896,"minecraft:fall_one_cm":10726},"minecraft:crafted":{"minecraft:cooked_beef":6,"minecraft:crafting_table":1,"minecraft:wooden_pickaxe":1,"minecraft:furnace":1,"minecraft:birch_planks":24,"minecraft:stone_axe":1,"minecraft:air":0,"minecraft:shield":1,"minecraft:stick":20,"minecraft:iron_pickaxe":1,"minecraft:stone_pickaxe":1,"minecraft:stone_sword":1,"minecraft:birch_button":1,"minecraft:torch":8}},"DataVersion":3120}