{"stats":{"minecraft:killed_by":{"born_in_chaos_v1:corpse_fly":1},"minecraft:picked_up":{"minecraft:birch_log":13,"minecraft:stick":2,"minecraft:crafting_table":2,"minecraft:leather":6,"minecraft:dirt":3,"minecraft:beef":9,"minecraft:gray_wool":2,"minecraft:birch_sapling":8,"minecraft:mutton":12,"minecraft:coal":3,"minecraft:white_wool":5,"minecraft:cobblestone":45},"minecraft:mined":{"treechop:chopped_log":2,"minecraft:crafting_table":2,"minecraft:coal_ore":4,"minecraft:grass_block":1,"minecraft:dirt":2,"minecraft:stone":47},"minecraft:killed":{"minecraft:sheep":14,"minecraft:zombie":2,"minecraft:cow":8},"minecraft:used":{"minecraft:stone_pickaxe":8,"minecraft:wooden_pickaxe":48,"minecraft:stone_axe":20,"minecraft:birch_button":1,"minecraft:dirt":3,"minecraft:crafting_table":2,"minecraft:furnace":1,"tombstone:gift":2,"minecraft:cooked_beef":2},"minecraft:custom":{"minecraft:time_since_rest":8910,"minecraft:interact_with_furnace":3,"minecraft:sprint_one_cm":37601,"minecraft:damage_taken":280,"minecraft:walk_one_cm":22454,"minecraft:mob_kills":12,"minecraft:damage_dealt":980,"minecraft:interact_with_crafting_table":4,"minecraft:fly_one_cm":49367,"minecraft:crouch_one_cm":726,"minecraft:play_time":13896,"tombstone:undead_killed":1,"minecraft:deaths":1,"minecraft:sneak_time":149,"minecraft:walk_under_water_one_cm":182,"minecraft:jump":249,"minecraft:walk_on_water_one_cm":1144,"minecraft:leave_game":3,"minecraft:time_since_death":9830,"minecraft:total_world_time":13896,"minecraft:fall_one_cm":6053},"minecraft:crafted":{"minecraft:cooked_beef":2,"minecraft:crafting_table":1,"minecraft:stick":8,"minecraft:wooden_pickaxe":1,"minecraft:stone_pickaxe":1,"minecraft:furnace":1,"minecraft:birch_button":1,"minecraft:birch_planks":24,"minecraft:stone_axe":1,"minecraft:air":0}},"DataVersion":3120}