{"stats":{"minecraft:killed_by":{"born_in_chaos_v1:corpse_fly":1},"minecraft:picked_up":{"minecraft:birch_log":13,"minecraft:crafting_table":3,"minecraft:leather":6,"minecraft:smoker":1,"minecraft:amethyst_block":5,"minecraft:lapis_lazuli":4,"minecraft:dirt":3,"minecraft:string":29,"minecraft:bone":1,"minecraft:raw_gold":4,"minecraft:beef":12,"minecraft:calcite":4,"minecraft:birch_sapling":8,"minecraft:oak_planks":7,"minecraft:furnace":4,"minecraft:stick":4,"minecraft:raw_iron":44,"minecraft:smooth_basalt":1,"minecraft:stone":1,"minecraft:torch":3,"born_in_chaos_v1:ethereal_spirit":2,"minecraft:amethyst_shard":12,"minecraft:pointed_dripstone":3,"tombstone:grave_dust":2,"minecraft:diorite":1,"minecraft:spider_eye":1,"minecraft:arrow":1,"minecraft:rotten_flesh":2,"minecraft:gray_wool":2,"minecraft:mutton":12,"minecraft:coal":6,"minecraft:white_wool":5,"minecraft:cobblestone":105},"minecraft:mined":{"minecraft:smoker":1,"minecraft:amethyst_cluster":3,"minecraft:crafting_table":3,"minecraft:budding_amethyst":1,"minecraft:grass_block":1,"minecraft:calcite":4,"minecraft:cobblestone":5,"minecraft:lapis_ore":1,"minecraft:diorite":1,"minecraft:wall_torch":3,"minecraft:amethyst_block":5,"minecraft:furnace":4,"minecraft:iron_ore":41,"treechop:chopped_log":2,"minecraft:grass":1,"minecraft:pointed_dripstone":2,"minecraft:coal_ore":4,"minecraft:dirt":2,"minecraft:cobweb":30,"minecraft:smooth_basalt":1,"minecraft:stone":104,"minecraft:gold_ore":4},"minecraft:broken":{"minecraft:stone_pickaxe":1},"minecraft:killed":{"rottencreatures:undead_miner":2,"born_in_chaos_v1:restless_spirit":2,"minecraft:spider":2,"minecraft:creeper":2,"minecraft:sheep":14,"minecraft:skeleton":2,"endermanoverhaul:cave_enderman":2,"minecraft:zombie":2,"minecraft:cow":8},"minecraft:used":{"minecraft:stone_sword":67,"minecraft:stone_pickaxe":132,"minecraft:wooden_pickaxe":48,"minecraft:shield":1,"minecraft:torch":11,"minecraft:dirt":3,"minecraft:crafting_table":4,"minecraft:smoker":1,"minecraft:iron_pickaxe":9,"minecraft:stone_axe":21,"minecraft:birch_button":1,"minecraft:cobblestone":61,"minecraft:furnace":4,"tombstone:gift":2,"minecraft:cooked_beef":4},"minecraft:dropped":{"minecraft:birch_sapling":8,"minecraft:amethyst_block":5,"minecraft:stone":1,"minecraft:diorite":1,"minecraft:calcite":4,"minecraft:smooth_basalt":1},"minecraft:custom":{"minecraft:interact_with_furnace":42,"minecraft:mob_kills":18,"minecraft:interact_with_crafting_table":12,"minecraft:leave_game":3,"minecraft:time_since_death":33830,"minecraft:time_since_rest":32910,"minecraft:sprint_one_cm":61996,"minecraft:damage_taken":520,"minecraft:walk_one_cm":86171,"minecraft:damage_blocked_by_shield":40,"minecraft:drop":6,"minecraft:damage_dealt":2360,"minecraft:fly_one_cm":58874,"minecraft:crouch_one_cm":13362,"minecraft:play_time":37896,"tombstone:undead_killed":3,"minecraft:deaths":1,"minecraft:sneak_time":3469,"minecraft:walk_under_water_one_cm":182,"minecraft:jump":384,"minecraft:walk_on_water_one_cm":1144,"minecraft:interact_with_smoker":2,"minecraft:total_world_time":37896,"minecraft:fall_one_cm":11392},"minecraft:crafted":{"minecraft:cooked_beef":9,"minecraft:crafting_table":1,"minecraft:wooden_pickaxe":1,"minecraft:furnace":3,"minecraft:birch_planks":24,"minecraft:stone_axe":1,"minecraft:cooked_mutton":8,"minecraft:air":0,"minecraft:iron_chestplate":1,"minecraft:shield":1,"minecraft:stick":20,"minecraft:iron_ingot":41,"minecraft:iron_pickaxe":1,"minecraft:stone_pickaxe":1,"minecraft:stone_sword":1,"minecraft:iron_leggings":1,"minecraft:birch_button":1,"minecraft:torch":8,"minecraft:smoker":1}},"DataVersion":3120}